[
  {
    "leftAdder":3,
    "rightAdder":4,
    "correctAnswer":7,
    "firstIncorrectAnswer":8,
    "secondIncorrectAnswer":10
  },
  {
    "leftAdder":16,
    "rightAdder":32,
    "correctAnswer":48,
    "firstIncorrectAnswer":52,
    "secondIncorrectAnswer":61
  },
  {
    "leftAdder":45,
    "rightAdder":12,
    "correctAnswer":57,
    "firstIncorrectAnswer":63,
    "secondIncorrectAnswer":55
  },
  {
    "leftAdder": 42,
    "rightAdder": 18,
    "correctAnswer": 60,
    "firstIncorrectAnswer": 69,
    "secondIncorrectAnswer": 57
  },
  {
    "leftAdder": 96,
    "rightAdder": 20,
    "correctAnswer": 116,
    "firstIncorrectAnswer": 120,
    "secondIncorrectAnswer": 110
  },
  {
    "leftAdder": 44,
    "rightAdder": 85,
    "correctAnswer": 129,
    "firstIncorrectAnswer": 132,
    "secondIncorrectAnswer": 126
  },
  {
    "leftAdder": 51,
    "rightAdder": 35,
    "correctAnswer": 86,
    "firstIncorrectAnswer": 96,
    "secondIncorrectAnswer": 82
  },
  {
    "leftAdder": 5,
    "rightAdder": 61,
    "correctAnswer": 66,
    "firstIncorrectAnswer": 65,
    "secondIncorrectAnswer": 74
  },
  {
    "leftAdder": 26,
    "rightAdder": 19,
    "correctAnswer": 45,
    "firstIncorrectAnswer": 40,
    "secondIncorrectAnswer": 39
  },
  {
    "leftAdder": 26,
    "rightAdder": 35,
    "correctAnswer": 61,
    "firstIncorrectAnswer": 59,
    "secondIncorrectAnswer": 51
  }
]